T Resolution (F),P Resolution (inHg),P Resolution (mmHg),Density Resolution (kg/m^3)
1.31293435105092,0.294114154017144,1.05674121981199,0.011891405240932
