T (F),P (inHg),P (Pa),Density (kg/m^3)
73.44,29.8341071666667,101029.922168128,1.18833250344308
